"","ship_type","fuel_type","year","consumption"
"1","C","Oil",2020,1714.48333333333
"2","C","LNG",2020,0
"3","C","LPG",2020,0
"4","C","MeOH",2020,0
"5","C","NH3",2020,0
"6","C","RefPO",2020,1632.84126984127
"7","C","H2",2020,0
"8","T","Oil",2020,2108.47311827957
"9","T","LNG",2020,0
"10","T","LPG",2020,0
"11","T","MeOH",2020,0
"12","T","NH3",2020,0
"13","T","RefPO",2020,1882.56528417819
"14","T","H2",2020,0
"15","B","Oil",2020,2372.24571428571
"16","B","LNG",2020,0
"17","B","LPG",2020,0
"18","B","MeOH",2020,0
"19","B","NH3",2020,0
"20","B","RefPO",2020,2133.76598639456
"21","B","H2",2020,0
"22","G","Oil",2020,1976.58620689655
"23","G","LNG",2020,0
"24","G","LPG",2020,0
"25","G","MeOH",2020,0
"26","G","NH3",2020,0
"27","G","RefPO",2020,1756.96551724138
"28","G","H2",2020,0
"29","O","Oil",2020,1057.92592592593
"30","O","LNG",2020,0
"31","O","LPG",2020,0
"32","O","MeOH",2020,0
"33","O","NH3",2020,0
"34","O","RefPO",2020,1259.43562610229
"35","O","H2",2020,0
"36","C","Oil",2021,1697.3385
"37","C","LNG",2021,0
"38","C","LPG",2021,0
"39","C","MeOH",2021,0
"40","C","NH3",2021,0
"41","C","RefPO",2021,1616.51285714286
"42","C","H2",2021,0
"43","T","Oil",2021,2087.38838709677
"44","T","LNG",2021,0
"45","T","LPG",2021,0
"46","T","MeOH",2021,0
"47","T","NH3",2021,0
"48","T","RefPO",2021,1863.73963133641
"49","T","H2",2021,0
"50","B","Oil",2021,2348.52325714286
"51","B","LNG",2021,0
"52","B","LPG",2021,0
"53","B","MeOH",2021,0
"54","B","NH3",2021,0
"55","B","RefPO",2021,2112.42832653061
"56","B","H2",2021,0
"57","G","Oil",2021,1956.82034482759
"58","G","LNG",2021,0
"59","G","LPG",2021,0
"60","G","MeOH",2021,0
"61","G","NH3",2021,0
"62","G","RefPO",2021,1739.39586206897
"63","G","H2",2021,0
"64","O","Oil",2021,1047.34666666667
"65","O","LNG",2021,0
"66","O","LPG",2021,0
"67","O","MeOH",2021,0
"68","O","NH3",2021,0
"69","O","RefPO",2021,1246.84126984127
"70","O","H2",2021,0
"71","C","Oil",2022,1680.19366666667
"72","C","LNG",2022,0
"73","C","LPG",2022,0
"74","C","MeOH",2022,0
"75","C","NH3",2022,0
"76","C","RefPO",2022,1600.18444444444
"77","C","H2",2022,0
"78","T","Oil",2022,2066.30365591398
"79","T","LNG",2022,0
"80","T","LPG",2022,0
"81","T","MeOH",2022,0
"82","T","NH3",2022,0
"83","T","RefPO",2022,1844.91397849462
"84","T","H2",2022,0
"85","B","Oil",2022,2324.8008
"86","B","LNG",2022,0
"87","B","LPG",2022,0
"88","B","MeOH",2022,0
"89","B","NH3",2022,0
"90","B","RefPO",2022,2091.09066666667
"91","B","H2",2022,0
"92","G","Oil",2022,1937.05448275862
"93","G","LNG",2022,0
"94","G","LPG",2022,0
"95","G","MeOH",2022,0
"96","G","NH3",2022,0
"97","G","RefPO",2022,1721.82620689655
"98","G","H2",2022,0
"99","O","Oil",2022,1036.76740740741
"100","O","LNG",2022,0
"101","O","LPG",2022,0
"102","O","MeOH",2022,0
"103","O","NH3",2022,0
"104","O","RefPO",2022,1234.24691358025
"105","O","H2",2022,0
"106","C","Oil",2023,1663.04883333333
"107","C","LNG",2023,0
"108","C","LPG",2023,0
"109","C","MeOH",2023,0
"110","C","NH3",2023,0
"111","C","RefPO",2023,1583.85603174603
"112","C","H2",2023,0
"113","T","Oil",2023,2045.21892473118
"114","T","LNG",2023,0
"115","T","LPG",2023,0
"116","T","MeOH",2023,0
"117","T","NH3",2023,0
"118","T","RefPO",2023,1826.08832565284
"119","T","H2",2023,0
"120","B","Oil",2023,2301.07834285714
"121","B","LNG",2023,0
"122","B","LPG",2023,0
"123","B","MeOH",2023,0
"124","B","NH3",2023,0
"125","B","RefPO",2023,2069.75300680272
"126","B","H2",2023,0
"127","G","Oil",2023,1917.28862068966
"128","G","LNG",2023,0
"129","G","LPG",2023,0
"130","G","MeOH",2023,0
"131","G","NH3",2023,0
"132","G","RefPO",2023,1704.25655172414
"133","G","H2",2023,0
"134","O","Oil",2023,1026.18814814815
"135","O","LNG",2023,0
"136","O","LPG",2023,0
"137","O","MeOH",2023,0
"138","O","NH3",2023,0
"139","O","RefPO",2023,1221.65255731922
"140","O","H2",2023,0
"141","C","Oil",2024,1645.904
"142","C","LNG",2024,0
"143","C","LPG",2024,0
"144","C","MeOH",2024,0
"145","C","NH3",2024,0
"146","C","RefPO",2024,1567.52761904762
"147","C","H2",2024,0
"148","T","Oil",2024,2024.13419354839
"149","T","LNG",2024,0
"150","T","LPG",2024,0
"151","T","MeOH",2024,0
"152","T","NH3",2024,0
"153","T","RefPO",2024,1807.26267281106
"154","T","H2",2024,0
"155","B","Oil",2024,2277.35588571429
"156","B","LNG",2024,0
"157","B","LPG",2024,0
"158","B","MeOH",2024,0
"159","B","NH3",2024,0
"160","B","RefPO",2024,2048.41534693878
"161","B","H2",2024,0
"162","G","Oil",2024,1897.52275862069
"163","G","LNG",2024,0
"164","G","LPG",2024,0
"165","G","MeOH",2024,0
"166","G","NH3",2024,0
"167","G","RefPO",2024,1686.68689655172
"168","G","H2",2024,0
"169","O","Oil",2024,1015.60888888889
"170","O","LNG",2024,0
"171","O","LPG",2024,0
"172","O","MeOH",2024,0
"173","O","NH3",2024,0
"174","O","RefPO",2024,1209.0582010582
"175","O","H2",2024,0
"176","C","Oil",2025,1377.16222222222
"177","C","LNG",2025,378.34126984127
"178","C","LPG",2025,462.417107583774
"179","C","MeOH",2025,0
"180","C","NH3",2025,0
"181","C","RefPO",2025,1311.58306878307
"182","C","H2",2025,0
"183","T","Oil",2025,1666.96733780761
"184","T","LNG",2025,558.136385426654
"185","T","LPG",2025,537.464667447889
"186","T","MeOH",2025,0
"187","T","NH3",2025,0
"188","T","RefPO",2025,1488.36369447108
"189","T","H2",2025,0
"190","B","Oil",2025,1855.93341176471
"191","B","LNG",2025,690.451418067227
"192","B","LPG",2025,613.734593837535
"193","B","MeOH",2025,0
"194","B","NH3",2025,0
"195","B","RefPO",2025,1669.3580952381
"196","B","H2",2025,0
"197","G","Oil",2025,1579.54894851342
"198","G","LNG",2025,465.402815186988
"199","G","LPG",2025,501.444110639179
"200","G","MeOH",2025,0
"201","G","NH3",2025,0
"202","G","RefPO",2025,1404.0435097897
"203","G","H2",2025,0
"204","O","Oil",2025,851.319215686275
"205","O","LNG",2025,285.039915966387
"206","O","LPG",2025,295.596949891068
"207","O","MeOH",2025,0
"208","O","NH3",2025,0
"209","O","RefPO",2025,1013.47525676937
"210","O","H2",2025,0
"211","C","Oil",2026,1362.66577777778
"212","C","LNG",2026,374.35873015873
"213","C","LPG",2026,457.549559082892
"214","C","MeOH",2026,0
"215","C","NH3",2026,0
"216","C","RefPO",2026,1297.77693121693
"217","C","H2",2026,0
"218","T","Oil",2026,1649.42031319911
"219","T","LNG",2026,552.261265580057
"220","T","LPG",2026,531.807144632648
"221","T","MeOH",2026,0
"222","T","NH3",2026,0
"223","T","RefPO",2026,1472.69670821349
"224","T","H2",2026,0
"225","B","Oil",2026,1836.39727058824
"226","B","LNG",2026,683.183508403361
"227","B","LPG",2026,607.274229691877
"228","B","MeOH",2026,0
"229","B","NH3",2026,0
"230","B","RefPO",2026,1651.7859047619
"231","B","H2",2026,0
"232","G","Oil",2026,1562.92211747643
"233","G","LNG",2026,460.50383818502
"234","G","LPG",2026,496.16575157982
"235","G","MeOH",2026,0
"236","G","NH3",2026,0
"237","G","RefPO",2026,1389.26410442349
"238","G","H2",2026,0
"239","O","Oil",2026,842.357960784314
"240","O","LNG",2026,282.039495798319
"241","O","LPG",2026,292.485403050109
"242","O","MeOH",2026,0
"243","O","NH3",2026,0
"244","O","RefPO",2026,1002.8070961718
"245","O","H2",2026,0
"246","C","Oil",2027,1348.16933333333
"247","C","LNG",2027,370.37619047619
"248","C","LPG",2027,452.682010582011
"249","C","MeOH",2027,0
"250","C","NH3",2027,0
"251","C","RefPO",2027,1283.97079365079
"252","C","H2",2027,0
"253","T","Oil",2027,1631.8732885906
"254","T","LNG",2027,546.386145733461
"255","T","LPG",2027,526.149621817407
"256","T","MeOH",2027,0
"257","T","NH3",2027,0
"258","T","RefPO",2027,1457.0297219559
"259","T","H2",2027,0
"260","B","Oil",2027,1816.86112941176
"261","B","LNG",2027,675.915598739496
"262","B","LPG",2027,600.813865546218
"263","B","MeOH",2027,0
"264","B","NH3",2027,0
"265","B","RefPO",2027,1634.21371428571
"266","B","H2",2027,0
"267","G","Oil",2027,1546.29528643945
"268","G","LNG",2027,455.604861183052
"269","G","LPG",2027,490.88739252046
"270","G","MeOH",2027,0
"271","G","NH3",2027,0
"272","G","RefPO",2027,1374.48469905729
"273","G","H2",2027,0
"274","O","Oil",2027,833.396705882353
"275","O","LNG",2027,279.039075630252
"276","O","LPG",2027,289.37385620915
"277","O","MeOH",2027,0
"278","O","NH3",2027,0
"279","O","RefPO",2027,992.13893557423
"280","O","H2",2027,0
"281","C","Oil",2028,1333.67288888889
"282","C","LNG",2028,366.393650793651
"283","C","LPG",2028,447.814462081129
"284","C","MeOH",2028,0
"285","C","NH3",2028,0
"286","C","RefPO",2028,1270.16465608466
"287","C","H2",2028,0
"288","T","Oil",2028,1614.3262639821
"289","T","LNG",2028,540.511025886865
"290","T","LPG",2028,520.492099002166
"291","T","MeOH",2028,0
"292","T","NH3",2028,0
"293","T","RefPO",2028,1441.36273569831
"294","T","H2",2028,0
"295","B","Oil",2028,1797.32498823529
"296","B","LNG",2028,668.64768907563
"297","B","LPG",2028,594.35350140056
"298","B","MeOH",2028,0
"299","B","NH3",2028,0
"300","B","RefPO",2028,1616.64152380952
"301","B","H2",2028,0
"302","G","Oil",2028,1529.66845540247
"303","G","LNG",2028,450.705884181083
"304","G","LPG",2028,485.6090334611
"305","G","MeOH",2028,0
"306","G","NH3",2028,0
"307","G","RefPO",2028,1359.70529369108
"308","G","H2",2028,0
"309","O","Oil",2028,824.435450980392
"310","O","LNG",2028,276.038655462185
"311","O","LPG",2028,286.262309368192
"312","O","MeOH",2028,0
"313","O","NH3",2028,0
"314","O","RefPO",2028,981.470774976657
"315","O","H2",2028,0
"316","C","Oil",2029,1319.17644444444
"317","C","LNG",2029,362.411111111111
"318","C","LPG",2029,442.946913580247
"319","C","MeOH",2029,0
"320","C","NH3",2029,0
"321","C","RefPO",2029,1256.35851851852
"322","C","H2",2029,0
"323","T","Oil",2029,1596.7792393736
"324","T","LNG",2029,534.635906040268
"325","T","LPG",2029,514.834576186925
"326","T","MeOH",2029,0
"327","T","NH3",2029,0
"328","T","RefPO",2029,1425.69574944072
"329","T","H2",2029,0
"330","B","Oil",2029,1777.78884705882
"331","B","LNG",2029,661.379779411765
"332","B","LPG",2029,587.893137254902
"333","B","MeOH",2029,0
"334","B","NH3",2029,0
"335","B","RefPO",2029,1599.06933333333
"336","B","H2",2029,0
"337","G","Oil",2029,1513.04162436548
"338","G","LNG",2029,445.806907179115
"339","G","LPG",2029,480.33067440174
"340","G","MeOH",2029,0
"341","G","NH3",2029,0
"342","G","RefPO",2029,1344.92588832487
"343","G","H2",2029,0
"344","O","Oil",2029,815.474196078431
"345","O","LNG",2029,273.038235294118
"346","O","LPG",2029,283.150762527233
"347","O","MeOH",2029,0
"348","O","NH3",2029,0
"349","O","RefPO",2029,970.802614379085
"350","O","H2",2029,0
"351","C","Oil",2030,1062.75258278146
"352","C","LNG",2030,583.929990539262
"353","C","LPG",2030,713.692210659098
"354","C","MeOH",2030,0
"355","C","NH3",2030,328.880109614067
"356","C","RefPO",2030,1012.14531693472
"357","C","H2",2030,421.727215389467
"358","T","Oil",2030,1276.52224231465
"359","T","LNG",2030,854.814001549987
"360","T","LPG",2030,823.154223714802
"361","T","MeOH",2030,0
"362","T","NH3",2030,298.038598241566
"363","T","RefPO",2030,1139.75200206665
"364","T","H2",2030,569.876001033325
"365","B","Oil",2030,1422.89571564583
"366","B","LNG",2030,1058.70216937933
"367","B","LPG",2030,941.068595003853
"368","B","MeOH",2030,0
"369","B","NH3",2030,399.791899670603
"370","B","RefPO",2030,1279.85328920524
"371","B","H2",2030,395.248809901619
"372","G","Oil",2030,1218.51550044287
"373","G","LNG",2030,718.053777046691
"374","G","LPG",2030,773.660635201822
"375","G","MeOH",2030,0
"376","G","NH3",2030,336.142207018723
"377","G","RefPO",2030,1083.12488928255
"378","G","H2",2030,459.361002151082
"379","O","Oil",2030,654.76217765043
"380","O","LNG",2030,438.456815390913
"381","O","LPG",2030,454.695956701687
"382","O","MeOH",2030,0
"383","O","NH3",2030,225.780061258769
"384","O","RefPO",2030,779.478782917178
"385","O","H2",2030,341.021967526265
"386","C","Oil",2031,1050.94422075055
"387","C","LNG",2031,577.44187953327
"388","C","LPG",2031,705.76229720733
"389","C","MeOH",2031,0
"390","C","NH3",2031,325.225886173911
"391","C","RefPO",2031,1000.89925785767
"392","C","H2",2031,417.041357440695
"393","T","Oil",2031,1262.33866184448
"394","T","LNG",2031,845.316068199431
"395","T","LPG",2031,814.008065673527
"396","T","MeOH",2031,0
"397","T","NH3",2031,294.727058261105
"398","T","RefPO",2031,1127.08809093258
"399","T","H2",2031,563.544045466288
"400","B","Oil",2031,1407.08576324976
"401","B","LNG",2031,1046.93881194179
"402","B","LPG",2031,930.612277281589
"403","B","MeOH",2031,0
"404","B","NH3",2031,395.34976745204
"405","B","RefPO",2031,1265.63269710296
"406","B","H2",2031,390.857156458267
"407","G","Oil",2031,1204.97643932684
"408","G","LNG",2031,710.075401746172
"409","G","LPG",2031,765.064405921802
"410","G","MeOH",2031,0
"411","G","NH3",2031,332.407293607404
"412","G","RefPO",2031,1071.09016829052
"413","G","H2",2031,454.25699101607
"414","O","Oil",2031,647.487042343203
"415","O","LNG",2031,433.58507299768
"416","O","LPG",2031,449.643779405002
"417","O","MeOH",2031,0
"418","O","NH3",2031,223.271393911449
"419","O","RefPO",2031,770.817907551432
"420","O","H2",2031,337.232834553751
"421","C","Oil",2032,1039.13585871965
"422","C","LNG",2032,570.953768527278
"423","C","LPG",2032,697.832383755562
"424","C","MeOH",2032,0
"425","C","NH3",2032,321.571662733755
"426","C","RefPO",2032,989.653198780616
"427","C","H2",2032,412.355499491923
"428","T","Oil",2032,1248.15508137432
"429","T","LNG",2032,835.818134848876
"430","T","LPG",2032,804.861907632251
"431","T","MeOH",2032,0
"432","T","NH3",2032,291.415518280643
"433","T","RefPO",2032,1114.4241797985
"434","T","H2",2032,557.212089899251
"435","B","Oil",2032,1391.2758108537
"436","B","LNG",2032,1035.17545450424
"437","B","LPG",2032,920.155959559323
"438","B","MeOH",2032,0
"439","B","NH3",2032,390.907635233478
"440","B","RefPO",2032,1251.41210500068
"441","B","H2",2032,386.465503014916
"442","G","Oil",2032,1191.43737821081
"443","G","LNG",2032,702.097026445653
"444","G","LPG",2032,756.468176641782
"445","G","MeOH",2032,0
"446","G","NH3",2032,328.672380196084
"447","G","RefPO",2032,1059.05544729849
"448","G","H2",2032,449.152979881058
"449","O","Oil",2032,640.211907035976
"450","O","LNG",2032,428.713330604448
"451","O","LPG",2032,444.591602108316
"452","O","MeOH",2032,0
"453","O","NH3",2032,220.76272656413
"454","O","RefPO",2032,762.157032185685
"455","O","H2",2032,333.443701581237
"456","C","Oil",2033,1027.32749668874
"457","C","LNG",2033,564.465657521287
"458","C","LPG",2033,689.902470303795
"459","C","MeOH",2033,0
"460","C","NH3",2033,317.917439293598
"461","C","RefPO",2033,978.407139703563
"462","C","H2",2033,407.669641543151
"463","T","Oil",2033,1233.97150090416
"464","T","LNG",2033,826.320201498321
"465","T","LPG",2033,795.715749590975
"466","T","MeOH",2033,0
"467","T","NH3",2033,288.103978300181
"468","T","RefPO",2033,1101.76026866443
"469","T","H2",2033,550.880134332214
"470","B","Oil",2033,1375.46585845763
"471","B","LNG",2033,1023.41209706669
"472","B","LPG",2033,909.699641837058
"473","B","MeOH",2033,0
"474","B","NH3",2033,386.465503014916
"475","B","RefPO",2033,1237.1915128984
"476","B","H2",2033,382.073849571565
"477","G","Oil",2033,1177.89831709477
"478","G","LNG",2033,694.118651145134
"479","G","LPG",2033,747.871947361761
"480","G","MeOH",2033,0
"481","G","NH3",2033,324.937466784765
"482","G","RefPO",2033,1047.02072630647
"483","G","H2",2033,444.048968746046
"484","O","Oil",2033,632.936771728749
"485","O","LNG",2033,423.841588211216
"486","O","LPG",2033,439.539424811631
"487","O","MeOH",2033,0
"488","O","NH3",2033,218.25405921681
"489","O","RefPO",2033,753.496156819939
"490","O","H2",2033,329.654568608723
"491","C","Oil",2034,1015.51913465784
"492","C","LNG",2034,557.977546515295
"493","C","LPG",2034,681.972556852027
"494","C","MeOH",2034,0
"495","C","NH3",2034,314.263215853442
"496","C","RefPO",2034,967.161080626511
"497","C","H2",2034,402.98378359438
"498","T","Oil",2034,1219.787920434
"499","T","LNG",2034,816.822268147765
"500","T","LPG",2034,786.5695915497
"501","T","MeOH",2034,0
"502","T","NH3",2034,284.792438319719
"503","T","RefPO",2034,1089.09635753035
"504","T","H2",2034,544.548178765177
"505","B","Oil",2034,1359.65590606157
"506","B","LNG",2034,1011.64873962914
"507","B","LPG",2034,899.243324114793
"508","B","MeOH",2034,0
"509","B","NH3",2034,382.023370796354
"510","B","RefPO",2034,1222.97092079612
"511","B","H2",2034,377.682196128213
"512","G","Oil",2034,1164.35925597874
"513","G","LNG",2034,686.140275844616
"514","G","LPG",2034,739.275718081741
"515","G","MeOH",2034,0
"516","G","NH3",2034,321.202553373446
"517","G","RefPO",2034,1034.98600531444
"518","G","H2",2034,438.944957611034
"519","O","Oil",2034,625.661636421522
"520","O","LNG",2034,418.969845817983
"521","O","LPG",2034,434.487247514946
"522","O","MeOH",2034,0
"523","O","NH3",2034,215.74539186949
"524","O","RefPO",2034,744.835281454192
"525","O","H2",2034,325.865435636209
"526","C","Oil",2035,585.929097938144
"527","C","LNG",2035,858.504172803142
"528","C","LPG",2035,1049.28287787051
"529","C","MeOH",2035,513.972892928197
"530","C","NH3",2035,725.288008057827
"531","C","RefPO",2035,558.027712322042
"532","C","H2",2035,930.046187203404
"533","T","Oil",2035,703.269198312236
"534","T","LNG",2035,1255.83785412899
"535","T","LPG",2035,1209.3253410131
"536","T","MeOH",2035,501.233529498853
"537","T","NH3",2035,656.7887627916
"538","T","RefPO",2035,627.918927064497
"539","T","H2",2035,1255.83785412899
"540","B","Oil",2035,778.393125
"541","B","LNG",2035,1544.43080357143
"542","B","LPG",2035,1372.82738095238
"543","B","MeOH",2035,637.280921052631
"544","B","NH3",2035,874.822413793103
"545","B","RefPO",2035,700.141964285714
"546","B","H2",2035,864.88125
"547","G","Oil",2035,674.053723772193
"548","G","LNG",2035,1059.22728021345
"549","G","LPG",2035,1141.25498204816
"550","G","MeOH",2035,536.0895113042
"551","G","NH3",2035,743.783419334833
"552","G","RefPO",2035,599.158865575282
"553","G","H2",2035,1016.43021838664
"554","O","Oil",2035,359.961452928095
"555","O","LNG",2035,642.788308800169
"556","O","LPG",2035,666.595283200176
"557","O","MeOH",2035,347.331226509565
"558","O","NH3",2035,496.498555762889
"559","O","RefPO",2035,428.525539200113
"560","O","H2",2035,749.919693600198
"561","C","Oil",2036,579.03581443299
"562","C","LNG",2036,848.40412371134
"563","C","LPG",2036,1036.93837342497
"564","C","MeOH",2036,507.926153011394
"565","C","NH3",2036,716.755207963029
"566","C","RefPO",2036,551.462680412371
"567","C","H2",2036,919.104467353952
"568","T","Oil",2036,694.995443037974
"569","T","LNG",2036,1241.06329113924
"570","T","LPG",2036,1195.09798406001
"571","T","MeOH",2036,495.336664445925
"572","T","NH3",2036,649.061836170522
"573","T","RefPO",2036,620.53164556962
"574","T","H2",2036,1241.06329113924
"575","B","Oil",2036,769.235558823529
"576","B","LNG",2036,1526.26102941176
"577","B","LPG",2036,1356.67647058824
"578","B","MeOH",2036,629.783498452012
"579","B","NH3",2036,864.530385395538
"580","B","RefPO",2036,691.905
"581","B","H2",2036,854.706176470588
"582","G","Oil",2036,666.123679963108
"583","G","LNG",2036,1046.76578279917
"584","G","LPG",2036,1127.82845284759
"585","G","MeOH",2036,529.782575877092
"586","G","NH3",2036,735.033026166188
"587","G","RefPO",2036,592.109937744985
"588","G","H2",2036,1004.47221581739
"589","O","Oil",2036,355.726612305411
"590","O","LNG",2036,635.22609340252
"591","O","LPG",2036,658.752985750762
"592","O","MeOH",2036,343.244976785923
"593","O","NH3",2036,490.657396283326
"594","O","RefPO",2036,423.484062268347
"595","O","H2",2036,741.097108969607
"596","C","Oil",2037,572.142530927835
"597","C","LNG",2037,838.304074619538
"598","C","LPG",2037,1024.59386897944
"599","C","MeOH",2037,501.879413094592
"600","C","NH3",2037,708.222407868231
"601","C","RefPO",2037,544.8976485027
"602","C","H2",2037,908.1627475045
"603","T","Oil",2037,686.721687763713
"604","T","LNG",2037,1226.28872814949
"605","T","LPG",2037,1180.87062710691
"606","T","MeOH",2037,489.439799392997
"607","T","NH3",2037,641.334909549445
"608","T","RefPO",2037,613.144364074744
"609","T","H2",2037,1226.28872814949
"610","B","Oil",2037,760.077992647059
"611","B","LNG",2037,1508.0912552521
"612","B","LPG",2037,1340.52556022409
"613","B","MeOH",2037,622.286075851393
"614","B","NH3",2037,854.238356997972
"615","B","RefPO",2037,683.668035714286
"616","B","H2",2037,844.531102941176
"617","G","Oil",2037,658.193636154023
"618","G","LNG",2037,1034.30428538489
"619","G","LPG",2037,1114.40192364702
"620","G","MeOH",2037,523.475640449983
"621","G","NH3",2037,726.282632997543
"622","G","RefPO",2037,585.061009914687
"623","G","H2",2037,992.514213248131
"624","O","Oil",2037,351.491771682728
"625","O","LNG",2037,627.663878004871
"626","O","LPG",2037,650.910688301348
"627","O","MeOH",2037,339.158727062281
"628","O","NH3",2037,484.816236803763
"629","O","RefPO",2037,418.442585336581
"630","O","H2",2037,732.274524339016
"631","C","Oil",2038,565.24924742268
"632","C","LNG",2038,828.204025527737
"633","C","LPG",2038,1012.2493645339
"634","C","MeOH",2038,495.83267317779
"635","C","NH3",2038,699.689607773433
"636","C","RefPO",2038,538.332616593029
"637","C","H2",2038,897.221027655048
"638","T","Oil",2038,678.447932489451
"639","T","LNG",2038,1211.51416515973
"640","T","LPG",2038,1166.64327015382
"641","T","MeOH",2038,483.54293434007
"642","T","NH3",2038,633.607982928367
"643","T","RefPO",2038,605.757082579867
"644","T","H2",2038,1211.51416515973
"645","B","Oil",2038,750.920426470588
"646","B","LNG",2038,1489.92148109244
"647","B","LPG",2038,1324.37464985994
"648","B","MeOH",2038,614.788653250774
"649","B","NH3",2038,843.946328600406
"650","B","RefPO",2038,675.431071428571
"651","B","H2",2038,834.356029411765
"652","G","Oil",2038,650.263592344939
"653","G","LNG",2038,1021.84278797062
"654","G","LPG",2038,1100.97539444646
"655","G","MeOH",2038,517.168705022875
"656","G","NH3",2038,717.532239828898
"657","G","RefPO",2038,578.01208208439
"658","G","H2",2038,980.556210678876
"659","O","Oil",2038,347.256931060044
"660","O","LNG",2038,620.101662607222
"661","O","LPG",2038,643.068390851934
"662","O","MeOH",2038,335.072477338639
"663","O","NH3",2038,478.975077324199
"664","O","RefPO",2038,413.401108404815
"665","O","H2",2038,723.451939708426
"666","C","Oil",2039,558.355963917526
"667","C","LNG",2039,818.103976435935
"668","C","LPG",2039,999.904860088365
"669","C","MeOH",2039,489.785933260988
"670","C","NH3",2039,691.156807678635
"671","C","RefPO",2039,531.767584683358
"672","C","H2",2039,886.279307805596
"673","T","Oil",2039,670.17417721519
"674","T","LNG",2039,1196.73960216998
"675","T","LPG",2039,1152.41591320072
"676","T","MeOH",2039,477.646069287142
"677","T","NH3",2039,625.881056307289
"678","T","RefPO",2039,598.369801084991
"679","T","H2",2039,1196.73960216998
"680","B","Oil",2039,741.762860294118
"681","B","LNG",2039,1471.75170693277
"682","B","LPG",2039,1308.2237394958
"683","B","MeOH",2039,607.291230650155
"684","B","NH3",2039,833.65430020284
"685","B","RefPO",2039,667.194107142857
"686","B","H2",2039,824.180955882353
"687","G","Oil",2039,642.333548535854
"688","G","LNG",2039,1009.38129055634
"689","G","LPG",2039,1087.54886524589
"690","G","MeOH",2039,510.861769595767
"691","G","NH3",2039,708.781846660253
"692","G","RefPO",2039,570.963154254093
"693","G","H2",2039,968.598208109621
"694","O","Oil",2039,343.022090437361
"695","O","LNG",2039,612.539447209573
"696","O","LPG",2039,635.22609340252
"697","O","MeOH",2039,330.986227614997
"698","O","NH3",2039,473.133917844636
"699","O","RefPO",2039,408.359631473049
"700","O","H2",2039,714.629355077835
"701","C","Oil",2040,222.882833333333
"702","C","LNG",2040,612.315476190476
"703","C","LPG",2040,748.385582010582
"704","C","MeOH",2040,1466.33442982456
"705","C","NH3",2040,1655.3632183908
"706","C","RefPO",2040,212.269365079365
"707","C","H2",2040,2122.69365079365
"708","T","Oil",2040,278.139007092199
"709","T","LNG",2040,931.268996960486
"710","T","LPG",2040,896.777552628616
"711","T","MeOH",2040,1486.76278462113
"712","T","NH3",2040,1558.53753974077
"713","T","RefPO",2040,248.338399189463
"714","T","H2",2040,2980.06079027356
"715","B","Oil",2040,312.725423728814
"716","B","LNG",2040,1163.41303470541
"717","B","LPG",2040,1034.14491973814
"718","B","MeOH",2040,1920.24382991377
"719","B","NH3",2040,2108.7997921943
"720","B","RefPO",2040,281.287418168774
"721","B","H2",2040,2084.83615819209
"722","G","Oil",2040,261.964010282776
"723","G","LNG",2040,771.85824458318
"724","G","LPG",2040,831.63177867548
"725","G","MeOH",2040,1562.59234203761
"726","G","NH3",2040,1734.38241290666
"727","G","RefPO",2040,232.856898029134
"728","G","H2",2040,2370.15056922512
"729","O","Oil",2040,135.17420881396
"730","O","LNG",2040,452.592217011028
"731","O","LPG",2040,469.35489171514
"732","O","MeOH",2040,978.234405890502
"733","O","NH3",2040,1118.68310742588
"734","O","RefPO",2040,160.921677159477
"735","O","H2",2040,1689.6776101745
"736","C","Oil",2041,220.096797916667
"737","C","LNG",2041,604.661532738095
"738","C","LPG",2041,739.03076223545
"739","C","MeOH",2041,1448.00524945175
"740","C","NH3",2041,1634.67117816092
"741","C","RefPO",2041,209.615998015873
"742","C","H2",2041,2096.15998015873
"743","T","Oil",2041,274.662269503546
"744","T","LNG",2041,919.62813449848
"745","T","LPG",2041,885.567833220759
"746","T","MeOH",2041,1468.17824981336
"747","T","NH3",2041,1539.05582049401
"748","T","RefPO",2041,245.234169199595
"749","T","H2",2041,2942.81003039514
"750","B","Oil",2041,308.816355932203
"751","B","LNG",2041,1148.87037177159
"752","B","LPG",2041,1021.21810824141
"753","B","MeOH",2041,1896.24078203984
"754","B","NH3",2041,2082.43979479187
"755","B","RefPO",2041,277.771325441664
"756","B","H2",2041,2058.77570621469
"757","G","Oil",2041,258.689460154242
"758","G","LNG",2041,762.21001652589
"759","G","LPG",2041,821.236381442037
"760","G","MeOH",2041,1543.05993776214
"761","G","NH3",2041,1712.70263274532
"762","G","RefPO",2041,229.94618680377
"763","G","H2",2041,2340.5236871098
"764","O","Oil",2041,133.484531203786
"765","O","LNG",2041,446.93481429839
"766","O","LPG",2041,463.487955568701
"767","O","MeOH",2041,966.006475816871
"768","O","NH3",2041,1104.69956858305
"769","O","RefPO",2041,158.910156194983
"770","O","H2",2041,1668.55664004732
"771","C","Oil",2042,217.3107625
"772","C","LNG",2042,597.007589285714
"773","C","LPG",2042,729.675942460317
"774","C","MeOH",2042,1429.67606907895
"775","C","NH3",2042,1613.97913793103
"776","C","RefPO",2042,206.962630952381
"777","C","H2",2042,2069.62630952381
"778","T","Oil",2042,271.185531914894
"779","T","LNG",2042,907.987272036474
"780","T","LPG",2042,874.358113812901
"781","T","MeOH",2042,1449.5937150056
"782","T","NH3",2042,1519.57410124725
"783","T","RefPO",2042,242.129939209726
"784","T","H2",2042,2905.55927051672
"785","B","Oil",2042,304.907288135593
"786","B","LNG",2042,1134.32770883777
"787","B","LPG",2042,1008.29129674469
"788","B","MeOH",2042,1872.23773416592
"789","B","NH3",2042,2056.07979738944
"790","B","RefPO",2042,274.255232714555
"791","B","H2",2042,2032.71525423729
"792","G","Oil",2042,255.414910025707
"793","G","LNG",2042,752.561788468601
"794","G","LPG",2042,810.840984208593
"795","G","MeOH",2042,1523.52753348667
"796","G","NH3",2042,1691.02285258399
"797","G","RefPO",2042,227.035475578406
"798","G","H2",2042,2310.89680499449
"799","O","Oil",2042,131.794853593611
"800","O","LNG",2042,441.277411585752
"801","O","LPG",2042,457.621019422261
"802","O","MeOH",2042,953.77854574324
"803","O","NH3",2042,1090.71602974023
"804","O","RefPO",2042,156.89863523049
"805","O","H2",2042,1647.43566992014
"806","C","Oil",2043,214.524727083333
"807","C","LNG",2043,589.353645833333
"808","C","LPG",2043,720.321122685185
"809","C","MeOH",2043,1411.34688870614
"810","C","NH3",2043,1593.28709770115
"811","C","RefPO",2043,204.309263888889
"812","C","H2",2043,2043.09263888889
"813","T","Oil",2043,267.708794326241
"814","T","LNG",2043,896.346409574468
"815","T","LPG",2043,863.148394405043
"816","T","MeOH",2043,1431.00918019783
"817","T","NH3",2043,1500.09238200049
"818","T","RefPO",2043,239.025709219858
"819","T","H2",2043,2868.3085106383
"820","B","Oil",2043,300.998220338983
"821","B","LNG",2043,1119.78504590395
"822","B","LPG",2043,995.364485247959
"823","B","MeOH",2043,1848.234686292
"824","B","NH3",2043,2029.71979998701
"825","B","RefPO",2043,270.739139987445
"826","B","H2",2043,2006.65480225989
"827","G","Oil",2043,252.140359897172
"828","G","LNG",2043,742.913560411311
"829","G","LPG",2043,800.44558697515
"830","G","MeOH",2043,1503.9951292112
"831","G","NH3",2043,1669.34307242266
"832","G","RefPO",2043,224.124764353042
"833","G","H2",2043,2281.26992287918
"834","O","Oil",2043,130.105175983437
"835","O","LNG",2043,435.620008873114
"836","O","LPG",2043,451.754083275822
"837","O","MeOH",2043,941.550615669609
"838","O","NH3",2043,1076.73249089741
"839","O","RefPO",2043,154.887114265996
"840","O","H2",2043,1626.31469979296
"841","C","Oil",2044,211.738691666667
"842","C","LNG",2044,581.699702380952
"843","C","LPG",2044,710.966302910053
"844","C","MeOH",2044,1393.01770833333
"845","C","NH3",2044,1572.59505747126
"846","C","RefPO",2044,201.655896825397
"847","C","H2",2044,2016.55896825397
"848","T","Oil",2044,264.232056737589
"849","T","LNG",2044,884.705547112462
"850","T","LPG",2044,851.938674997186
"851","T","MeOH",2044,1412.42464539007
"852","T","NH3",2044,1480.61066275373
"853","T","RefPO",2044,235.92147922999
"854","T","H2",2044,2831.05775075988
"855","B","Oil",2044,297.089152542373
"856","B","LNG",2044,1105.24238297014
"857","B","LPG",2044,982.437673751233
"858","B","MeOH",2044,1824.23163841808
"859","B","NH3",2044,2003.35980258458
"860","B","RefPO",2044,267.223047260335
"861","B","H2",2044,1980.59435028249
"862","G","Oil",2044,248.865809768637
"863","G","LNG",2044,733.265332354021
"864","G","LPG",2044,790.050189741706
"865","G","MeOH",2044,1484.46272493573
"866","G","NH3",2044,1647.66329226132
"867","G","RefPO",2044,221.214053127678
"868","G","H2",2044,2251.64304076386
"869","O","Oil",2044,128.415498373262
"870","O","LNG",2044,429.962606160476
"871","O","LPG",2044,445.887147129383
"872","O","MeOH",2044,929.322685595977
"873","O","NH3",2044,1062.74895205458
"874","O","RefPO",2044,152.875593301503
"875","O","H2",2044,1605.19372966578
"876","C","Oil",2045,0
"877","C","LNG",2045,264.308838643371
"878","C","LPG",2045,323.044136119675
"879","C","MeOH",2045,1898.85034078001
"880","C","NH3",2045,2679.54477797073
"881","C","RefPO",2045,0
"882","C","H2",2045,3436.01490236382
"883","T","Oil",2045,0
"884","T","LNG",2045,418.181301182893
"885","T","LPG",2045,402.693104842786
"886","T","MeOH",2045,2002.86833724438
"887","T","NH3",2045,2624.44816604436
"888","T","RefPO",2045,0
"889","T","H2",2045,5018.17561419472
"890","B","Oil",2045,0
"891","B","LNG",2045,541.905545112782
"892","B","LPG",2045,481.693817878028
"893","B","MeOH",2045,2683.28808864266
"894","B","NH3",2045,3683.46279491833
"895","B","RefPO",2045,0
"896","B","H2",2045,3641.60526315789
"897","G","Oil",2045,0
"898","G","LNG",2045,340.852133487098
"899","G","LPG",2045,367.248089952429
"900","G","MeOH",2045,2070.11949652132
"901","G","NH3",2045,2872.13333797279
"902","G","RefPO",2045,0
"903","G","H2",2045,3924.96396136658
"904","O","Oil",2045,0
"905","O","LNG",2045,191.852342742513
"906","O","LPG",2045,198.95798506631
"907","O","MeOH",2045,1244.01098030935
"908","O","NH3",2045,1778.27274928233
"909","O","RefPO",2045,0
"910","O","H2",2045,2685.93279839518
"911","C","Oil",2046,0
"912","C","LNG",2046,260.784720794793
"913","C","LPG",2046,318.736880971413
"914","C","MeOH",2046,1873.53233623627
"915","C","NH3",2046,2643.81751426445
"916","C","RefPO",2046,0
"917","C","H2",2046,3390.20137033231
"918","T","Oil",2046,0
"919","T","LNG",2046,412.605550500455
"920","T","LPG",2046,397.323863444882
"921","T","MeOH",2046,1976.16342608113
"922","T","NH3",2046,2589.45552383044
"923","T","RefPO",2046,0
"924","T","H2",2046,4951.26660600546
"925","B","Oil",2046,0
"926","B","LNG",2046,534.680137844611
"927","B","LPG",2046,475.271233639654
"928","B","MeOH",2046,2647.51091412742
"929","B","NH3",2046,3634.34995765275
"930","B","RefPO",2046,0
"931","B","H2",2046,3593.05052631579
"932","G","Oil",2046,0
"933","G","LNG",2046,336.307438373937
"934","G","LPG",2046,362.351448753063
"935","G","MeOH",2046,2042.51790323437
"936","G","NH3",2046,2833.83822679982
"937","G","RefPO",2046,0
"938","G","H2",2046,3872.63110854836
"939","O","Oil",2046,0
"940","O","LNG",2046,189.294311505946
"941","O","LPG",2046,196.305211932093
"942","O","MeOH",2046,1227.42416723856
"943","O","NH3",2046,1754.56244595857
"944","O","RefPO",2046,0
"945","O","H2",2046,2650.12036108325
"946","C","Oil",2047,0
"947","C","LNG",2047,257.260602946214
"948","C","LPG",2047,314.429625823151
"949","C","MeOH",2047,1848.21433169254
"950","C","NH3",2047,2608.09025055817
"951","C","RefPO",2047,0
"952","C","H2",2047,3344.38783830079
"953","T","Oil",2047,0
"954","T","LNG",2047,407.029799818016
"955","T","LPG",2047,391.954622046979
"956","T","MeOH",2047,1949.45851491787
"957","T","NH3",2047,2554.46288161652
"958","T","RefPO",2047,0
"959","T","H2",2047,4884.35759781619
"960","B","Oil",2047,0
"961","B","LNG",2047,527.454730576441
"962","B","LPG",2047,468.848649401281
"963","B","MeOH",2047,2611.73373961219
"964","B","NH3",2047,3585.23712038717
"965","B","RefPO",2047,0
"966","B","H2",2047,3544.49578947368
"967","G","Oil",2047,0
"968","G","LNG",2047,331.762743260775
"969","G","LPG",2047,357.454807553697
"970","G","MeOH",2047,2014.91630994742
"971","G","NH3",2047,2795.54311562685
"972","G","RefPO",2047,0
"973","G","H2",2047,3820.29825573014
"974","O","Oil",2047,0
"975","O","LNG",2047,186.73628026938
"976","O","LPG",2047,193.652438797875
"977","O","MeOH",2047,1210.83735416777
"978","O","NH3",2047,1730.8521426348
"979","O","RefPO",2047,0
"980","O","H2",2047,2614.30792377131
"981","C","Oil",2048,0
"982","C","LNG",2048,253.736485097636
"983","C","LPG",2048,310.122370674889
"984","C","MeOH",2048,1822.89632714881
"985","C","NH3",2048,2572.3629868519
"986","C","RefPO",2048,0
"987","C","H2",2048,3298.57430626927
"988","T","Oil",2048,0
"989","T","LNG",2048,401.454049135578
"990","T","LPG",2048,386.585380649075
"991","T","MeOH",2048,1922.75360375461
"992","T","NH3",2048,2519.47023940259
"993","T","RefPO",2048,0
"994","T","H2",2048,4817.44858962693
"995","B","Oil",2048,0
"996","B","LNG",2048,520.22932330827
"997","B","LPG",2048,462.426065162907
"998","B","MeOH",2048,2575.95656509695
"999","B","NH3",2048,3536.1242831216
"1000","B","RefPO",2048,0
"1001","B","H2",2048,3495.94105263158
"1002","G","Oil",2048,0
"1003","G","LNG",2048,327.218048147614
"1004","G","LPG",2048,352.558166354332
"1005","G","MeOH",2048,1987.31471666047
"1006","G","NH3",2048,2757.24800445388
"1007","G","RefPO",2048,0
"1008","G","H2",2048,3767.96540291192
"1009","O","Oil",2048,0
"1010","O","LNG",2048,184.178249032813
"1011","O","LPG",2048,190.999665663658
"1012","O","MeOH",2048,1194.25054109697
"1013","O","NH3",2048,1707.14183931104
"1014","O","RefPO",2048,0
"1015","O","H2",2048,2578.49548645938
"1016","C","Oil",2049,0
"1017","C","LNG",2049,250.212367249058
"1018","C","LPG",2049,305.815115526626
"1019","C","MeOH",2049,1797.57832260507
"1020","C","NH3",2049,2536.63572314562
"1021","C","RefPO",2049,0
"1022","C","H2",2049,3252.76077423775
"1023","T","Oil",2049,0
"1024","T","LNG",2049,395.878298453139
"1025","T","LPG",2049,381.216139251171
"1026","T","MeOH",2049,1896.04869259135
"1027","T","NH3",2049,2484.47759718867
"1028","T","RefPO",2049,0
"1029","T","H2",2049,4750.53958143767
"1030","B","Oil",2049,0
"1031","B","LNG",2049,513.0039160401
"1032","B","LPG",2049,456.003480924533
"1033","B","MeOH",2049,2540.17939058172
"1034","B","NH3",2049,3487.01144585602
"1035","B","RefPO",2049,0
"1036","B","H2",2049,3447.38631578947
"1037","G","Oil",2049,0
"1038","G","LNG",2049,322.673353034453
"1039","G","LPG",2049,347.661525154966
"1040","G","MeOH",2049,1959.71312337352
"1041","G","NH3",2049,2718.95289328091
"1042","G","RefPO",2049,0
"1043","G","H2",2049,3715.6325500937
"1044","O","Oil",2049,0
"1045","O","LNG",2049,181.620217796246
"1046","O","LPG",2049,188.34689252944
"1047","O","MeOH",2049,1177.66372802618
"1048","O","NH3",2049,1683.43153598727
"1049","O","RefPO",2049,0
"1050","O","H2",2049,2542.68304914744
"1051","C","Oil",2050,0
"1052","C","LNG",2050,0
"1053","C","LPG",2050,0
"1054","C","MeOH",2050,1845.27478809383
"1055","C","NH3",2050,3037.93249817039
"1056","C","RefPO",2050,0
"1057","C","H2",2050,3895.58010819808
"1058","T","Oil",2050,0
"1059","T","LNG",2050,0
"1060","T","LPG",2050,0
"1061","T","MeOH",2050,1989.74219446922
"1062","T","NH3",2050,3041.7897915449
"1063","T","RefPO",2050,0
"1064","T","H2",2050,5816.16949152542
"1065","B","Oil",2050,0
"1066","B","LNG",2050,0
"1067","B","LPG",2050,0
"1068","B","MeOH",2050,2743.45149870191
"1069","B","NH3",2050,4393.72692129271
"1070","B","RefPO",2050,0
"1071","B","H2",2050,4343.79820627803
"1072","G","Oil",2050,0
"1073","G","LNG",2050,0
"1074","G","LPG",2050,0
"1075","G","MeOH",2050,2035.85595567867
"1076","G","NH3",2050,3295.3611615245
"1077","G","RefPO",2050,0
"1078","G","H2",2050,4503.33333333333
"1079","O","Oil",2050,0
"1080","O","LNG",2050,0
"1081","O","LPG",2050,0
"1082","O","MeOH",2050,1196.47926016592
"1083","O","NH3",2050,1995.38233983783
"1084","O","RefPO",2050,0
"1085","O","H2",2050,3013.85874246339
