﻿ship_type,fuel_type,engine_type,consumption
C,Oil,ME-C,1500
C,Oil,ME-GI,1400
C,Oil,ME-LGI,1300
C,LNG,ME-C,1200
C,LNG,ME-GI,1100
C,LNG,ME-LGI,1000
C,LPG,ME-C,1300
C,LPG,ME-GI,1200
C,LPG,ME-LGI,1100
C,MET,ME-C,1600
C,MET,ME-GI,1500
C,MET,ME-LGI,1400
C,MeOH,ME-C,1700
C,MeOH,ME-GI,1600
C,MeOH,ME-LGI,1500
C,NH3,ME-C,1800
C,NH3,ME-GI,1700
C,NH3,ME-LGI,1600
C,AllNoLNG,ME-C,1400
C,AllNoLNG,ME-GI,1300
C,AllNoLNG,ME-LGI,1200
C,RefPO,ME-C,1500
C,RefPO,ME-GI,1400
C,RefPO,ME-LGI,1300
C,H2,ME-C,1900
C,H2,ME-GI,1800
C,H2,ME-LGI,1700
T,Oil,ME-C,1800
T,Oil,ME-GI,1700
T,Oil,ME-LGI,1600
T,LNG,ME-C,1400
T,LNG,ME-GI,1300
T,LNG,ME-LGI,1200
T,LPG,ME-C,1500
T,LPG,ME-GI,1400
T,LPG,ME-LGI,1300
T,MET,ME-C,1900
T,MET,ME-GI,1800
T,MET,ME-LGI,1700
T,MeOH,ME-C,2000
T,MeOH,ME-GI,1900
T,MeOH,ME-LGI,1800
T,NH3,ME-C,2100
T,NH3,ME-GI,2000
T,NH3,ME-LGI,1900
T,AllNoLNG,ME-C,1600
T,AllNoLNG,ME-GI,1500
T,AllNoLNG,ME-LGI,1400
T,RefPO,ME-C,1700
T,RefPO,ME-GI,1600
T,RefPO,ME-LGI,1500
T,H2,ME-C,2200
T,H2,ME-GI,2100
T,H2,ME-LGI,2000
B,Oil,ME-C,2000
B,Oil,ME-GI,1900
B,Oil,ME-LGI,1800
B,LNG,ME-C,1600
B,LNG,ME-GI,1500
B,LNG,ME-LGI,1400
B,LPG,ME-C,1700
B,LPG,ME-GI,1600
B,LPG,ME-LGI,1500
B,MET,ME-C,2200
B,MET,ME-GI,2100
B,MET,ME-LGI,2000
B,MeOH,ME-C,2300
B,MeOH,ME-GI,2200
B,MeOH,ME-LGI,2100
B,NH3,ME-C,2400
B,NH3,ME-GI,2300
B,NH3,ME-LGI,2200
B,AllNoLNG,ME-C,1800
B,AllNoLNG,ME-GI,1700
B,AllNoLNG,ME-LGI,1600
B,RefPO,ME-C,1900
B,RefPO,ME-GI,1800
B,RefPO,ME-LGI,1700
B,H2,ME-C,2500
B,H2,ME-GI,2400
B,H2,ME-LGI,2300
G,Oil,ME-C,1700
G,Oil,ME-GI,1600
G,Oil,ME-LGI,1500
G,LNG,ME-C,1300
G,LNG,ME-GI,1200
G,LNG,ME-LGI,1100
G,LPG,ME-C,1400
G,LPG,ME-GI,1300
G,LPG,ME-LGI,1200
G,MET,ME-C,1800
G,MET,ME-GI,1700
G,MET,ME-LGI,1600
G,MeOH,ME-C,1900
G,MeOH,ME-GI,1800
G,MeOH,ME-LGI,1700
G,NH3,ME-C,2000
G,NH3,ME-GI,1900
G,NH3,ME-LGI,1800
G,AllNoLNG,ME-C,1500
G,AllNoLNG,ME-GI,1400
G,AllNoLNG,ME-LGI,1300
G,RefPO,ME-C,1600
G,RefPO,ME-GI,1500
G,RefPO,ME-LGI,1400
G,H2,ME-C,2100
G,H2,ME-GI,2000
G,H2,ME-LGI,1900
O,Oil,ME-C,1000
O,Oil,ME-GI,900
O,Oil,ME-LGI,800
O,LNG,ME-C,800
O,LNG,ME-GI,700
O,LNG,ME-LGI,600
O,LPG,ME-C,900
O,LPG,ME-GI,800
O,LPG,ME-LGI,700
O,MET,ME-C,1200
O,MET,ME-GI,1100
O,MET,ME-LGI,1000
O,MeOH,ME-C,1300
O,MeOH,ME-GI,1200
O,MeOH,ME-LGI,1100
O,NH3,ME-C,1400
O,NH3,ME-GI,1300
O,NH3,ME-LGI,1200
O,AllNoLNG,ME-C,1100
O,AllNoLNG,ME-GI,1000
O,AllNoLNG,ME-LGI,900
O,RefPO,ME-C,1200
O,RefPO,ME-GI,1100
O,RefPO,ME-LGI,1000
O,H2,ME-C,1600
O,H2,ME-GI,1500
O,H2,ME-LGI,1400
